{
  "users": [
    {
      "id": "1",
      "name": "Deep Nasit",
      "email": "d@gmail.com",
      "contact": "8487996096",
      "address": "Address 3"
    },
    {
      "id": "2",
      "name": "Pratik K",
      "email": "pk@gmail.com",
      "contact": "9898201019",
      "address": "Address 2"
    },
    {
      "id": "3",
      "name": "Akshay Sabhadiya",
      "email": "sa@g.com",
      "contact": "7302268699",
      "address": "Address 1"
    },
    {
      "id": "4",
      "name": "Rutvik Patel",
      "email": "rk@yahoo.com",
      "contact": "9698562145",
      "address": "Address 3"
    },
    {
      "id": "5",
      "name": "Nayan Bhadja",
      "email": "N@gmail.com",
      "contact": "6302785965",
      "address": "Address 3"
    },
    {
      "id": "6",
      "name": "Sahil R",
      "email": "sahil@gmail.com",
      "contact": "7956858966",
      "address": "Address 3"
    }
  ]
}